[
  {
    "name": "Chicken",
    "id": 0,
    "nutritions": {
      "Water": 63.9300001,
      "Carbohydrates": 1e-7,
      "Fat": 12.5600001,
      "Protein": 24.6800001,
      "Dietary fiber": 0,
      "Starch": 0,
      "Zinc": 0,
      "Calcium": 0,
      "Copper": 0,
      "Iron": 0.0011601,
      "Magnesium": 0,
      "Manganese": 0,
      "Potassium": 0,
      "Selenium": 0,
      "Sodium": 0.0670001,
      "Phosphorus": 0,
      "Choline": 0,
      "Histidine": 0.7260000999999999,
      "Isoleucine": 1.2330001000000002,
      "Leucine": 1.7970001,
      "Lysine": 2.0110001,
      "Phenylalanine": 0.9590000999999999,
      "Threonine": 1.0200001,
      "Tryptophan": 0.2760001,
      "Valine": 1.1990001000000001,
      "Vitamin B6": 0,
      "Vitamin E": 0,
      "Vitamin K": 0,
      "Vitamin C": 0,
      "Vitamin A": 0
    }
  },
  {
    "name": "Turkey",
    "id": 1,
    "nutritions": {
      "Water": 74.0000001,
      "Carbohydrates": 1e-7,
      "Fat": 0.7000000999999999,
      "Protein": 24.600000100000003,
      "Dietary fiber": 1e-7,
      "Starch": 0,
      "Zinc": 0.0012001,
      "Calcium": 0.0100001,
      "Copper": 0,
      "Iron": 0.0012001,
      "Magnesium": 0.0280001,
      "Manganese": 0,
      "Potassium": 0.2930001,
      "Selenium": 0,
      "Sodium": 0.049000100000000005,
      "Phosphorus": 0.20600010000000002,
      "Choline": 0,
      "Histidine": 0,
      "Isoleucine": 0,
      "Leucine": 0,
      "Lysine": 0,
      "Phenylalanine": 0,
      "Threonine": 0,
      "Tryptophan": 0,
      "Valine": 0,
      "Vitamin B6": 0.0006000999999999999,
      "Vitamin E": 0,
      "Vitamin K": 0,
      "Vitamin C": 1e-7,
      "Vitamin A": 0
    }
  },
  {
    "name": "Beef",
    "id": 2,
    "nutritions": {
      "Water": 58.0000001,
      "Carbohydrates": 1e-7,
      "Fat": 15.0000001,
      "Protein": 26.0000001,
      "Dietary fiber": 1e-7,
      "Starch": 1e-7,
      "Zinc": 0.0063101,
      "Calcium": 0.0180001,
      "Copper": 0.0008500999999999999,
      "Iron": 0.0026001,
      "Magnesium": 0.0210001,
      "Manganese": 0.000012100000000000001,
      "Potassium": 0.3180001,
      "Selenium": 0,
      "Sodium": 0.07200010000000001,
      "Phosphorus": 0.1980001,
      "Choline": 0.0824001,
      "Histidine": 0,
      "Isoleucine": 0,
      "Leucine": 0,
      "Lysine": 0,
      "Phenylalanine": 0,
      "Threonine": 0,
      "Tryptophan": 0,
      "Valine": 0,
      "Vitamin B6": 0.00038310000000000004,
      "Vitamin E": 0.00045010000000000004,
      "Vitamin K": 0,
      "Vitamin C": 0,
      "Vitamin A": 0
    }
  },
  {
    "name": "Carrots",
    "id": 3,
    "nutritions": {
      "Water": 88.0000001,
      "Carbohydrates": 9.600000099999999,
      "Fat": 0.2400001,
      "Protein": 0.9300001,
      "Dietary fiber": 2.8000000999999997,
      "Starch": 0,
      "Zinc": 0.0002401,
      "Calcium": 0.033000100000000004,
      "Copper": 0,
      "Iron": 0.0003001,
      "Magnesium": 0.0120001,
      "Manganese": 0.00014309999999999998,
      "Potassium": 0.3200001,
      "Selenium": 0,
      "Sodium": 0.06900010000000001,
      "Phosphorus": 0.035000100000000006,
      "Choline": 0,
      "Histidine": 0,
      "Isoleucine": 0,
      "Leucine": 0,
      "Lysine": 0,
      "Phenylalanine": 0,
      "Threonine": 0,
      "Tryptophan": 0,
      "Valine": 0,
      "Vitamin B6": 0.00013810000000000002,
      "Vitamin E": 0.0006600999999999999,
      "Vitamin K": 0,
      "Vitamin C": 0.005900100000000001,
      "Vitamin A": 0
    }
  },
  {
    "name": "Lettuces",
    "id": 4,
    "nutritions": {
      "Water": 95.63000009999999,
      "Carbohydrates": 2.2300001,
      "Fat": 0.2200001,
      "Protein": 1.3500001000000001,
      "Dietary fiber": 1.1000001000000001,
      "Starch": 0,
      "Zinc": 0.0002001,
      "Calcium": 0.035000100000000006,
      "Copper": 0,
      "Iron": 0.0012401,
      "Magnesium": 0.0130001,
      "Manganese": 0.0001791,
      "Potassium": 0.23800010000000002,
      "Selenium": 0,
      "Sodium": 0.0050001,
      "Phosphorus": 0.033000100000000004,
      "Choline": 0,
      "Histidine": 0,
      "Isoleucine": 0,
      "Leucine": 0,
      "Lysine": 0,
      "Phenylalanine": 0,
      "Threonine": 0,
      "Tryptophan": 0,
      "Valine": 0,
      "Vitamin B6": 0.0000821,
      "Vitamin E": 0.0001801,
      "Vitamin K": 0,
      "Vitamin C": 0.0037001,
      "Vitamin A": 0
    }
  },
  {
    "name": "Tomatoes",
    "id": 5,
    "nutritions": {
      "Water": 94.5000001,
      "Carbohydrates": 3.9000000999999997,
      "Fat": 0.20000010000000001,
      "Protein": 0.9000001,
      "Dietary fiber": 1.2000001,
      "Starch": 0,
      "Zinc": 0,
      "Calcium": 0,
      "Copper": 0,
      "Iron": 0,
      "Magnesium": 0.011000099999999999,
      "Manganese": 0.00011410000000000001,
      "Potassium": 0.23700010000000002,
      "Selenium": 0,
      "Sodium": 0,
      "Phosphorus": 0.0240001,
      "Choline": 0,
      "Histidine": 0,
      "Isoleucine": 0,
      "Leucine": 0,
      "Lysine": 0,
      "Phenylalanine": 0,
      "Threonine": 0,
      "Tryptophan": 0,
      "Valine": 0,
      "Vitamin B6": 0.00008010000000000001,
      "Vitamin E": 0.0005401,
      "Vitamin K": 0,
      "Vitamin C": 0.0140001,
      "Vitamin A": 0
    }
  },
  {
    "name": "Sweet corn",
    "id": 6,
    "nutritions": {
      "Water": 75.96000009999999,
      "Carbohydrates": 18.7000001,
      "Fat": 1.3500001000000001,
      "Protein": 3.2700001,
      "Dietary fiber": 2.0000001,
      "Starch": 5.7000001000000005,
      "Zinc": 0.0004601,
      "Calcium": 0,
      "Copper": 0,
      "Iron": 0.0005201,
      "Magnesium": 0.0370001,
      "Manganese": 0.0001631,
      "Potassium": 0.2700001,
      "Selenium": 0,
      "Sodium": 0,
      "Phosphorus": 0.0890001,
      "Choline": 0,
      "Histidine": 0.0890001,
      "Isoleucine": 0.1290001,
      "Leucine": 0.3480001,
      "Lysine": 0.1370001,
      "Phenylalanine": 0.1500001,
      "Threonine": 0.1290001,
      "Tryptophan": 0.0230001,
      "Valine": 0.1850001,
      "Vitamin B6": 0.0000931,
      "Vitamin E": 0,
      "Vitamin K": 0,
      "Vitamin C": 0.0068001,
      "Vitamin A": 0
    }
  },
  {
    "name": "Cucumber",
    "id": 7,
    "nutritions": {
      "Water": 95.2300001,
      "Carbohydrates": 3.6300000999999997,
      "Fat": 0.1100001,
      "Protein": 0.6500001,
      "Dietary fiber": 0.5000001,
      "Starch": 0,
      "Zinc": 0.0002001,
      "Calcium": 0.0160001,
      "Copper": 0,
      "Iron": 0.00028010000000000003,
      "Magnesium": 0.0130001,
      "Manganese": 0.0000791,
      "Potassium": 0.1470001,
      "Selenium": 0,
      "Sodium": 0.0020001,
      "Phosphorus": 0.0240001,
      "Choline": 0,
      "Histidine": 0,
      "Isoleucine": 0,
      "Leucine": 0,
      "Lysine": 0,
      "Phenylalanine": 0,
      "Threonine": 0,
      "Tryptophan": 0,
      "Valine": 0,
      "Vitamin B6": 0.000040100000000000006,
      "Vitamin E": 0,
      "Vitamin K": 0,
      "Vitamin C": 0.0028001,
      "Vitamin A": 0
    }
  },
  {
    "name": "Peppers",
    "id": 8,
    "nutritions": {
      "Water": 93.9000001,
      "Carbohydrates": 4.6400001,
      "Fat": 0.17000010000000002,
      "Protein": 0.8600000999999999,
      "Dietary fiber": 1.8000001,
      "Starch": 0,
      "Zinc": 0.00013010000000000002,
      "Calcium": 0.0100001,
      "Copper": 0,
      "Iron": 0.0003401,
      "Magnesium": 0.0100001,
      "Manganese": 0.00012209999999999999,
      "Potassium": 0.17500010000000002,
      "Selenium": 0,
      "Sodium": 0.0030001,
      "Phosphorus": 0.0200001,
      "Choline": 0,
      "Histidine": 0,
      "Isoleucine": 0,
      "Leucine": 0,
      "Lysine": 0,
      "Phenylalanine": 0,
      "Threonine": 0,
      "Tryptophan": 0,
      "Valine": 0,
      "Vitamin B6": 0.0002241,
      "Vitamin E": 0.0003701,
      "Vitamin K": 0,
      "Vitamin C": 0.08040010000000002,
      "Vitamin A": 0
    }
  },
  {
    "name": "Sweet potato",
    "id": 9,
    "nutritions": {
      "Water": 77.30000009999999,
      "Carbohydrates": 20.100000100000003,
      "Fat": 0.10000010000000001,
      "Protein": 1.6000001000000001,
      "Dietary fiber": 3.0000001,
      "Starch": 12.700000099999999,
      "Zinc": 0.0003001,
      "Calcium": 0.0300001,
      "Copper": 0,
      "Iron": 0.0006100999999999999,
      "Magnesium": 0.0250001,
      "Manganese": 0.00025810000000000004,
      "Potassium": 0.3370001,
      "Selenium": 0,
      "Sodium": 0.0550001,
      "Phosphorus": 0.0470001,
      "Choline": 0,
      "Histidine": 0,
      "Isoleucine": 0,
      "Leucine": 0,
      "Lysine": 0,
      "Phenylalanine": 0,
      "Threonine": 0,
      "Tryptophan": 0,
      "Valine": 0,
      "Vitamin B6": 0.0002091,
      "Vitamin E": 0.00026010000000000003,
      "Vitamin K": 0,
      "Vitamin C": 0.0024000999999999996,
      "Vitamin A": 0
    }
  },
  {
    "name": "Apples",
    "id": 10,
    "nutritions": {
      "Water": 85.5600001,
      "Carbohydrates": 13.8100001,
      "Fat": 0.17000010000000002,
      "Protein": 0.2600001,
      "Dietary fiber": 2.4000000999999997,
      "Starch": 0,
      "Zinc": 0.000040100000000000006,
      "Calcium": 0.0060001,
      "Copper": 0,
      "Iron": 0.0001201,
      "Magnesium": 0.0050001,
      "Manganese": 0.000035100000000000006,
      "Potassium": 0.1070001,
      "Selenium": 0,
      "Sodium": 0.0010001,
      "Phosphorus": 0.011000099999999999,
      "Choline": 0,
      "Histidine": 0,
      "Isoleucine": 0,
      "Leucine": 0,
      "Lysine": 0,
      "Phenylalanine": 0,
      "Threonine": 0,
      "Tryptophan": 0,
      "Valine": 0,
      "Vitamin B6": 0.0000411,
      "Vitamin E": 0.0001801,
      "Vitamin K": 0,
      "Vitamin C": 0.0046001,
      "Vitamin A": 0
    }
  },
  {
    "name": "Grapes",
    "id": 11,
    "nutritions": {
      "Water": 81.0000001,
      "Carbohydrates": 18.1,
      "Fat": 0.16,
      "Protein": 0.72,
      "Dietary fiber": 0.9,
      "Starch": 0,
      "Zinc": 0.00007010000000000001,
      "Calcium": 0.0100001,
      "Copper": 0,
      "Iron": 0.00036009999999999997,
      "Magnesium": 0.0070001,
      "Manganese": 0.0000711,
      "Potassium": 0.1910001,
      "Selenium": 0,
      "Sodium": 0.0020001,
      "Phosphorus": 0.0200001,
      "Choline": 0.0056001,
      "Histidine": 0,
      "Isoleucine": 0,
      "Leucine": 0,
      "Lysine": 0,
      "Phenylalanine": 0,
      "Threonine": 0,
      "Tryptophan": 0,
      "Valine": 0,
      "Vitamin B6": 0.00008609999999999999,
      "Vitamin E": 0.0001901,
      "Vitamin K": 0,
      "Vitamin C": 0.0032001,
      "Vitamin A": 0
    }
  }
]