[
    {
      "state": "ALABAMA",
      "latitude": 32.3812,
      "Abb": "AL",
      "Chicken": 6605000000,
      "Chicken_per": 11.885674388306152,
      "Turkey": 0,
      "Turkey_per": 0,
      "Beef": 544228000,
      "Beef_per": 1.1972137987344285,
      "Carrots": 0,
      "Carrots_per": null,
      "Lettuces": 0,
      "Lettuces_per": null,
      "Tomatoes": 0,
      "Tomatoes_per": null,
      "Sweet_corn": 0,
      "Sweet_corn_per": null,
      "Cucumber": 0,
      "Cucumber_per": null,
      "Peppers": 0,
      "Peppers_per": null,
      "Sweet_potato": 0,
      "Sweet_potato_per": null,
      "Apples": 0,
      "Apples_per": null,
      "Grapes": 0,
      "Grapes_per": null,
      "longitude": 86.9023
    },
    {
      "state": "ARIZONA",
      "latitude": 34.0489,
      "Abb": "AZ",
      "Chicken": 0,
      "Chicken_per": 0,
      "Turkey": 0,
      "Turkey_per": 0,
      "Beef": 488960000,
      "Beef_per": 1.075633115218596,
      "Carrots": 0,
      "Carrots_per": null,
      "Lettuces": 10552500,
      "Lettuces_per": 4.384343086012481,
      "Tomatoes": 0,
      "Tomatoes_per": null,
      "Sweet_corn": 0,
      "Sweet_corn_per": null,
      "Cucumber": 0,
      "Cucumber_per": null,
      "Peppers": 0,
      "Peppers_per": null,
      "Sweet_potato": 0,
      "Sweet_potato_per": null,
      "Apples": 0,
      "Apples_per": null,
      "Grapes": 0,
      "Grapes_per": null,
      "longitude": 111.0937
    },
    {
      "state": "ARKANSAS",
      "latitude": 35.201,
      "Abb": "AR",
      "Chicken": 7347900000,
      "Chicken_per": 13.222520338809202,
      "Turkey": 595200000,
      "Turkey_per": 4.630717403312768,
      "Beef": 516854000,
      "Beef_per": 1.1369954150302526,
      "Carrots": 0,
      "Carrots_per": null,
      "Lettuces": 0,
      "Lettuces_per": null,
      "Tomatoes": 0,
      "Tomatoes_per": null,
      "Sweet_corn": 0,
      "Sweet_corn_per": null,
      "Cucumber": 0,
      "Cucumber_per": null,
      "Peppers": 0,
      "Peppers_per": null,
      "Sweet_potato": 0,
      "Sweet_potato_per": null,
      "Apples": 0,
      "Apples_per": null,
      "Grapes": 0,
      "Grapes_per": null,
      "longitude": 91.8318
    },
    {
      "state": "CALIFORNIA",
      "latitude": 36.7783,
      "Abb": "CA",
      "Chicken": 0,
      "Chicken_per": 0,
      "Turkey": 232000000,
      "Turkey_per": 1.804983934086966,
      "Beef": 2276503000,
      "Beef_per": 5.007939327745581,
      "Carrots": 24723000,
      "Carrots_per": 60.70792766025366,
      "Lettuces": 30172000,
      "Lettuces_per": 12.535835071420856,
      "Tomatoes": 233966000,
      "Tomatoes_per": 97.2079805223403,
      "Sweet_corn": 5346000,
      "Sweet_corn_per": 8.496706056247367,
      "Cucumber": 930000,
      "Cucumber_per": 8.727805097788956,
      "Peppers": 5805000,
      "Peppers_per": 74.16160970935803,
      "Sweet_potato": 7920000,
      "Sweet_potato_per": null,
      "Apples": 271000000,
      "Apples_per": 2.6431288403394126,
      "Grapes": 5615000,
      "Grapes_per": 94.52861952861953,
      "longitude": 119.4179
    },
    {
      "state": "COLORADO",
      "latitude": 39.5501,
      "Abb": "CO",
      "Chicken": 0,
      "Chicken_per": 0,
      "Turkey": 0,
      "Turkey_per": 0,
      "Beef": 2050722000,
      "Beef_per": 4.511257553393549,
      "Carrots": 0,
      "Carrots_per": null,
      "Lettuces": 0,
      "Lettuces_per": null,
      "Tomatoes": 0,
      "Tomatoes_per": null,
      "Sweet_corn": 0,
      "Sweet_corn_per": null,
      "Cucumber": 0,
      "Cucumber_per": null,
      "Peppers": 0,
      "Peppers_per": null,
      "Sweet_potato": 0,
      "Sweet_potato_per": null,
      "Apples": 0,
      "Apples_per": null,
      "Grapes": 0,
      "Grapes_per": null,
      "longitude": 105.7821
    },
    {
      "state": "CONNECTICUT",
      "latitude": 41.6032,
      "Abb": "CT",
      "Chicken": 0,
      "Chicken_per": 0,
      "Turkey": 0,
      "Turkey_per": 0,
      "Beef": 11607000,
      "Beef_per": 0.025533527422165914,
      "Carrots": 0,
      "Carrots_per": null,
      "Lettuces": 0,
      "Lettuces_per": null,
      "Tomatoes": 0,
      "Tomatoes_per": null,
      "Sweet_corn": 0,
      "Sweet_corn_per": null,
      "Cucumber": 0,
      "Cucumber_per": null,
      "Peppers": 0,
      "Peppers_per": null,
      "Sweet_potato": 0,
      "Sweet_potato_per": null,
      "Apples": 0,
      "Apples_per": null,
      "Grapes": 0,
      "Grapes_per": null,
      "longitude": 73.0877
    },
    {
      "state": "DELAWARE",
      "latitude": 38.9108,
      "Abb": "DE",
      "Chicken": 1928900000,
      "Chicken_per": 3.4710488005456073,
      "Turkey": 0,
      "Turkey_per": 0,
      "Beef": 4775000,
      "Beef_per": 0.010504229640806603,
      "Carrots": 0,
      "Carrots_per": null,
      "Lettuces": 0,
      "Lettuces_per": null,
      "Tomatoes": 0,
      "Tomatoes_per": null,
      "Sweet_corn": 0,
      "Sweet_corn_per": null,
      "Cucumber": 0,
      "Cucumber_per": null,
      "Peppers": 0,
      "Peppers_per": null,
      "Sweet_potato": 0,
      "Sweet_potato_per": null,
      "Apples": 0,
      "Apples_per": null,
      "Grapes": 0,
      "Grapes_per": null,
      "longitude": 75.5277
    },
    {
      "state": "DISTRICT OF COLUMBIA",
      "latitude": 38.9072,
      "Abb": "DC",
      "Chicken": 0,
      "Chicken_per": 0,
      "Turkey": 0,
      "Turkey_per": 0,
      "Beef": 0,
      "Beef_per": null,
      "Carrots": 0,
      "Carrots_per": null,
      "Lettuces": 0,
      "Lettuces_per": null,
      "Tomatoes": 0,
      "Tomatoes_per": null,
      "Sweet_corn": 0,
      "Sweet_corn_per": null,
      "Cucumber": 0,
      "Cucumber_per": null,
      "Peppers": 0,
      "Peppers_per": null,
      "Sweet_potato": 0,
      "Sweet_potato_per": null,
      "Apples": 0,
      "Apples_per": null,
      "Grapes": 0,
      "Grapes_per": null,
      "longitude": 77.0369
    },
    {
      "state": "FLORIDA",
      "latitude": 27.6648,
      "Abb": "FL",
      "Chicken": 391200000,
      "Chicken_per": 0.703963031143886,
      "Turkey": 0,
      "Turkey_per": 0,
      "Beef": 442240000,
      "Beef_per": 0.9728566526388087,
      "Carrots": 0,
      "Carrots_per": null,
      "Lettuces": 0,
      "Lettuces_per": null,
      "Tomatoes": 6720000,
      "Tomatoes_per": 2.7920194776596894,
      "Sweet_corn": 4320000,
      "Sweet_corn_per": 6.866025095957469,
      "Cucumber": 3415500,
      "Cucumber_per": 32.05356807687976,
      "Peppers": 0,
      "Peppers_per": null,
      "Sweet_potato": 0,
      "Sweet_potato_per": null,
      "Apples": 0,
      "Apples_per": null,
      "Grapes": 0,
      "Grapes_per": null,
      "longitude": 81.5158
    },
    {
      "state": "GEORGIA",
      "latitude": 32.1656,
      "Abb": "GA",
      "Chicken": 8083100000,
      "Chicken_per": 14.545510166255482,
      "Turkey": 0,
      "Turkey_per": 0,
      "Beef": 385160000,
      "Beef_per": 0.8472898614561405,
      "Carrots": 0,
      "Carrots_per": null,
      "Lettuces": 0,
      "Lettuces_per": null,
      "Tomatoes": 0,
      "Tomatoes_per": null,
      "Sweet_corn": 2835000,
      "Sweet_corn_per": 4.5058289692220885,
      "Cucumber": 0,
      "Cucumber_per": null,
      "Peppers": 0,
      "Peppers_per": null,
      "Sweet_potato": 0,
      "Sweet_potato_per": null,
      "Apples": 0,
      "Apples_per": null,
      "Grapes": 0,
      "Grapes_per": null,
      "longitude": 82.9001
    },
    {
      "state": "IDAHO",
      "latitude": 44.0682,
      "Abb": "ID",
      "Chicken": 0,
      "Chicken_per": 0,
      "Turkey": 0,
      "Turkey_per": 0,
      "Beef": 1239150000,
      "Beef_per": 2.725930085739372,
      "Carrots": 0,
      "Carrots_per": null,
      "Lettuces": 0,
      "Lettuces_per": null,
      "Tomatoes": 0,
      "Tomatoes_per": null,
      "Sweet_corn": 0,
      "Sweet_corn_per": null,
      "Cucumber": 0,
      "Cucumber_per": null,
      "Peppers": 0,
      "Peppers_per": null,
      "Sweet_potato": 0,
      "Sweet_potato_per": null,
      "Apples": 0,
      "Apples_per": null,
      "Grapes": 0,
      "Grapes_per": null,
      "longitude": 114.742
    },
    {
      "state": "ILLINOIS",
      "latitude": 40.6331,
      "Abb": "IL",
      "Chicken": 0,
      "Chicken_per": 0,
      "Turkey": 0,
      "Turkey_per": 0,
      "Beef": 485153000,
      "Beef_per": 1.0672583294086377,
      "Carrots": 0,
      "Carrots_per": null,
      "Lettuces": 0,
      "Lettuces_per": null,
      "Tomatoes": 0,
      "Tomatoes_per": null,
      "Sweet_corn": 1875000,
      "Sweet_corn_per": 2.9800456145648737,
      "Cucumber": 0,
      "Cucumber_per": null,
      "Peppers": 0,
      "Peppers_per": null,
      "Sweet_potato": 0,
      "Sweet_potato_per": null,
      "Apples": 0,
      "Apples_per": null,
      "Grapes": 0,
      "Grapes_per": null,
      "longitude": 89.3985
    },
    {
      "state": "INDIANA",
      "latitude": 40.2672,
      "Abb": "IN",
      "Chicken": 0,
      "Chicken_per": 0,
      "Turkey": 814000000,
      "Turkey_per": 6.333003975632717,
      "Beef": 291080000,
      "Beef_per": 0.6403290395488975,
      "Carrots": 0,
      "Carrots_per": null,
      "Lettuces": 0,
      "Lettuces_per": null,
      "Tomatoes": 0,
      "Tomatoes_per": null,
      "Sweet_corn": 0,
      "Sweet_corn_per": null,
      "Cucumber": 0,
      "Cucumber_per": null,
      "Peppers": 0,
      "Peppers_per": null,
      "Sweet_potato": 0,
      "Sweet_potato_per": null,
      "Apples": 0,
      "Apples_per": null,
      "Grapes": 0,
      "Grapes_per": null,
      "longitude": 86.1349
    },
    {
      "state": "IOWA",
      "latitude": 41.878,
      "Abb": "IA",
      "Chicken": 0,
      "Chicken_per": 0,
      "Turkey": 505440000,
      "Turkey_per": 3.9323753432970525,
      "Beef": 2132328000,
      "Beef_per": 4.690777587753269,
      "Carrots": 0,
      "Carrots_per": null,
      "Lettuces": 0,
      "Lettuces_per": null,
      "Tomatoes": 0,
      "Tomatoes_per": null,
      "Sweet_corn": 0,
      "Sweet_corn_per": null,
      "Cucumber": 0,
      "Cucumber_per": null,
      "Peppers": 0,
      "Peppers_per": null,
      "Sweet_potato": 0,
      "Sweet_potato_per": null,
      "Apples": 0,
      "Apples_per": null,
      "Grapes": 0,
      "Grapes_per": null,
      "longitude": 93.0977
    },
    {
      "state": "KANSAS",
      "latitude": 39.0119,
      "Abb": "KS",
      "Chicken": 0,
      "Chicken_per": 0,
      "Turkey": 0,
      "Turkey_per": 0,
      "Beef": 4777406000,
      "Beef_per": 10.509522452642369,
      "Carrots": 0,
      "Carrots_per": null,
      "Lettuces": 0,
      "Lettuces_per": null,
      "Tomatoes": 0,
      "Tomatoes_per": null,
      "Sweet_corn": 0,
      "Sweet_corn_per": null,
      "Cucumber": 0,
      "Cucumber_per": null,
      "Peppers": 0,
      "Peppers_per": null,
      "Sweet_potato": 0,
      "Sweet_potato_per": null,
      "Apples": 0,
      "Apples_per": null,
      "Grapes": 0,
      "Grapes_per": null,
      "longitude": 98.4842
    },
    {
      "state": "KENTUCKY",
      "latitude": 37.8393,
      "Abb": "KY",
      "Chicken": 1943500000,
      "Chicken_per": 3.497321449458442,
      "Turkey": 0,
      "Turkey_per": 0,
      "Beef": 667595000,
      "Beef_per": 1.4686012957181744,
      "Carrots": 0,
      "Carrots_per": null,
      "Lettuces": 0,
      "Lettuces_per": null,
      "Tomatoes": 0,
      "Tomatoes_per": null,
      "Sweet_corn": 0,
      "Sweet_corn_per": null,
      "Cucumber": 0,
      "Cucumber_per": null,
      "Peppers": 0,
      "Peppers_per": null,
      "Sweet_potato": 0,
      "Sweet_potato_per": null,
      "Apples": 0,
      "Apples_per": null,
      "Grapes": 0,
      "Grapes_per": null,
      "longitude": 84.27
    },
    {
      "state": "LOUISIANA",
      "latitude": 30.9843,
      "Abb": "LA",
      "Chicken": 0,
      "Chicken_per": 0,
      "Turkey": 0,
      "Turkey_per": 0,
      "Beef": 193562000,
      "Beef_per": 0.4258051723002738,
      "Carrots": 0,
      "Carrots_per": null,
      "Lettuces": 0,
      "Lettuces_per": null,
      "Tomatoes": 0,
      "Tomatoes_per": null,
      "Sweet_corn": 0,
      "Sweet_corn_per": null,
      "Cucumber": 0,
      "Cucumber_per": null,
      "Peppers": 0,
      "Peppers_per": null,
      "Sweet_potato": 0,
      "Sweet_potato_per": null,
      "Apples": 0,
      "Apples_per": null,
      "Grapes": 0,
      "Grapes_per": null,
      "longitude": 91.9623
    },
    {
      "state": "MAINE",
      "latitude": 45.2538,
      "Abb": "ME",
      "Chicken": 0,
      "Chicken_per": 0,
      "Turkey": 0,
      "Turkey_per": 0,
      "Beef": 17890000,
      "Beef_per": 0.039355113774665995,
      "Carrots": 0,
      "Carrots_per": null,
      "Lettuces": 0,
      "Lettuces_per": null,
      "Tomatoes": 0,
      "Tomatoes_per": null,
      "Sweet_corn": 0,
      "Sweet_corn_per": null,
      "Cucumber": 0,
      "Cucumber_per": null,
      "Peppers": 0,
      "Peppers_per": null,
      "Sweet_potato": 0,
      "Sweet_potato_per": null,
      "Apples": 0,
      "Apples_per": null,
      "Grapes": 0,
      "Grapes_per": null,
      "longitude": 69.4455
    },
    {
      "state": "MARYLAND",
      "latitude": 39.0458,
      "Abb": "MD",
      "Chicken": 1867500000,
      "Chicken_per": 3.3605597153916333,
      "Turkey": 0,
      "Turkey_per": 0,
      "Beef": 58648000,
      "Beef_per": 0.12901613821445562,
      "Carrots": 0,
      "Carrots_per": null,
      "Lettuces": 0,
      "Lettuces_per": null,
      "Tomatoes": 0,
      "Tomatoes_per": null,
      "Sweet_corn": 0,
      "Sweet_corn_per": null,
      "Cucumber": 0,
      "Cucumber_per": null,
      "Peppers": 0,
      "Peppers_per": null,
      "Sweet_potato": 0,
      "Sweet_potato_per": null,
      "Apples": 0,
      "Apples_per": null,
      "Grapes": 0,
      "Grapes_per": null,
      "longitude": 76.6413
    },
    {
      "state": "MASSACHUSETTS",
      "latitude": 42.4072,
      "Abb": "MA",
      "Chicken": 0,
      "Chicken_per": 0,
      "Turkey": 0,
      "Turkey_per": 0,
      "Beef": 6331000,
      "Beef_per": 0.013927178608575204,
      "Carrots": 0,
      "Carrots_per": null,
      "Lettuces": 0,
      "Lettuces_per": null,
      "Tomatoes": 0,
      "Tomatoes_per": null,
      "Sweet_corn": 0,
      "Sweet_corn_per": null,
      "Cucumber": 0,
      "Cucumber_per": null,
      "Peppers": 0,
      "Peppers_per": null,
      "Sweet_potato": 0,
      "Sweet_potato_per": null,
      "Apples": 0,
      "Apples_per": null,
      "Grapes": 0,
      "Grapes_per": null,
      "longitude": 71.3824
    },
    {
      "state": "MICHIGAN",
      "latitude": 44.3148,
      "Abb": "MI",
      "Chicken": 0,
      "Chicken_per": 0,
      "Turkey": 232440000,
      "Turkey_per": 1.8084071794792,
      "Beef": 477897000,
      "Beef_per": 1.0512963000319482,
      "Carrots": 0,
      "Carrots_per": null,
      "Lettuces": 0,
      "Lettuces_per": null,
      "Tomatoes": 0,
      "Tomatoes_per": null,
      "Sweet_corn": 15392000,
      "Sweet_corn_per": 24.463393119670684,
      "Cucumber": 4511000,
      "Cucumber_per": 42.33454709260858,
      "Peppers": 437000,
      "Peppers_per": 5.582880868732035,
      "Sweet_potato": 0,
      "Sweet_potato_per": null,
      "Apples": 927000000,
      "Apples_per": 9.041256217692382,
      "Grapes": 0,
      "Grapes_per": null,
      "longitude": 85.6024
    },
    {
      "state": "MINNESOTA",
      "latitude": 46.7296,
      "Abb": "MN",
      "Chicken": 358400000,
      "Chicken_per": 0.644939545915053,
      "Turkey": 1092000000,
      "Turkey_per": 8.495872655271409,
      "Beef": 1310582000,
      "Beef_per": 2.8830689614885023,
      "Carrots": 0,
      "Carrots_per": null,
      "Lettuces": 0,
      "Lettuces_per": null,
      "Tomatoes": 0,
      "Tomatoes_per": null,
      "Sweet_corn": 0,
      "Sweet_corn_per": null,
      "Cucumber": 0,
      "Cucumber_per": null,
      "Peppers": 0,
      "Peppers_per": null,
      "Sweet_potato": 0,
      "Sweet_potato_per": null,
      "Apples": 0,
      "Apples_per": null,
      "Grapes": 0,
      "Grapes_per": null,
      "longitude": 94.6859
    },
    {
      "state": "MISSISSIPPI",
      "latitude": 32.3547,
      "Abb": "MS",
      "Chicken": 4612900000,
      "Chicken_per": 8.300897408904987,
      "Turkey": 0,
      "Turkey_per": 0,
      "Beef": 237318000,
      "Beef_per": 0.5220613130674223,
      "Carrots": 0,
      "Carrots_per": null,
      "Lettuces": 0,
      "Lettuces_per": null,
      "Tomatoes": 0,
      "Tomatoes_per": null,
      "Sweet_corn": 0,
      "Sweet_corn_per": null,
      "Cucumber": 0,
      "Cucumber_per": null,
      "Peppers": 0,
      "Peppers_per": null,
      "Sweet_potato": 5900000,
      "Sweet_potato_per": null,
      "Apples": 0,
      "Apples_per": null,
      "Grapes": 0,
      "Grapes_per": null,
      "longitude": 89.3985
    },
    {
      "state": "MISSOURI",
      "latitude": 37.9643,
      "Abb": "MO",
      "Chicken": 1489700000,
      "Chicken_per": 2.6807099373595267,
      "Turkey": 581400000,
      "Turkey_per": 4.52335197964725,
      "Beef": 1343117000,
      "Beef_per": 2.954640712559422,
      "Carrots": 0,
      "Carrots_per": null,
      "Lettuces": 0,
      "Lettuces_per": null,
      "Tomatoes": 0,
      "Tomatoes_per": null,
      "Sweet_corn": 0,
      "Sweet_corn_per": null,
      "Cucumber": 0,
      "Cucumber_per": null,
      "Peppers": 0,
      "Peppers_per": null,
      "Sweet_potato": 0,
      "Sweet_potato_per": null,
      "Apples": 0,
      "Apples_per": null,
      "Grapes": 0,
      "Grapes_per": null,
      "longitude": 91.8318
    },
    {
      "state": "MONTANA",
      "latitude": 46.8797,
      "Abb": "MT",
      "Chicken": 0,
      "Chicken_per": 0,
      "Turkey": 0,
      "Turkey_per": 0,
      "Beef": 1086900000,
      "Beef_per": 2.391004648501088,
      "Carrots": 0,
      "Carrots_per": null,
      "Lettuces": 0,
      "Lettuces_per": null,
      "Tomatoes": 0,
      "Tomatoes_per": null,
      "Sweet_corn": 0,
      "Sweet_corn_per": null,
      "Cucumber": 0,
      "Cucumber_per": null,
      "Peppers": 0,
      "Peppers_per": null,
      "Sweet_potato": 0,
      "Sweet_potato_per": null,
      "Apples": 0,
      "Apples_per": null,
      "Grapes": 0,
      "Grapes_per": null,
      "longitude": 110.3626
    },
    {
      "state": "NEBRASKA",
      "latitude": 41.4925,
      "Abb": "NE",
      "Chicken": 0,
      "Chicken_per": 0,
      "Turkey": 0,
      "Turkey_per": 0,
      "Beef": 5625751000,
      "Beef_per": 12.37574458764343,
      "Carrots": 0,
      "Carrots_per": null,
      "Lettuces": 0,
      "Lettuces_per": null,
      "Tomatoes": 0,
      "Tomatoes_per": null,
      "Sweet_corn": 0,
      "Sweet_corn_per": null,
      "Cucumber": 0,
      "Cucumber_per": null,
      "Peppers": 0,
      "Peppers_per": null,
      "Sweet_potato": 0,
      "Sweet_potato_per": null,
      "Apples": 0,
      "Apples_per": null,
      "Grapes": 0,
      "Grapes_per": null,
      "longitude": 99.9018
    },
    {
      "state": "NEVADA",
      "latitude": 38.8026,
      "Abb": "NV",
      "Chicken": 0,
      "Chicken_per": 0,
      "Turkey": 0,
      "Turkey_per": 0,
      "Beef": 201917000,
      "Beef_per": 0.4441848243733501,
      "Carrots": 0,
      "Carrots_per": null,
      "Lettuces": 0,
      "Lettuces_per": null,
      "Tomatoes": 0,
      "Tomatoes_per": null,
      "Sweet_corn": 0,
      "Sweet_corn_per": null,
      "Cucumber": 0,
      "Cucumber_per": null,
      "Peppers": 0,
      "Peppers_per": null,
      "Sweet_potato": 0,
      "Sweet_potato_per": null,
      "Apples": 0,
      "Apples_per": null,
      "Grapes": 0,
      "Grapes_per": null,
      "longitude": 116.4194
    },
    {
      "state": "NEW HAMPSHIRE",
      "latitude": 43.1939,
      "Abb": "NH",
      "Chicken": 0,
      "Chicken_per": 0,
      "Turkey": 0,
      "Turkey_per": 0,
      "Beef": 7614000,
      "Beef_per": 0.01674957161991654,
      "Carrots": 0,
      "Carrots_per": null,
      "Lettuces": 0,
      "Lettuces_per": null,
      "Tomatoes": 0,
      "Tomatoes_per": null,
      "Sweet_corn": 0,
      "Sweet_corn_per": null,
      "Cucumber": 0,
      "Cucumber_per": null,
      "Peppers": 0,
      "Peppers_per": null,
      "Sweet_potato": 0,
      "Sweet_potato_per": null,
      "Apples": 0,
      "Apples_per": null,
      "Grapes": 0,
      "Grapes_per": null,
      "longitude": 71.5724
    },
    {
      "state": "NEW JERSEY",
      "latitude": 40.0583,
      "Abb": "NJ",
      "Chicken": 0,
      "Chicken_per": 0,
      "Turkey": 0,
      "Turkey_per": 0,
      "Beef": 6199000,
      "Beef_per": 0.013636799904368613,
      "Carrots": 0,
      "Carrots_per": null,
      "Lettuces": 0,
      "Lettuces_per": null,
      "Tomatoes": 0,
      "Tomatoes_per": null,
      "Sweet_corn": 0,
      "Sweet_corn_per": null,
      "Cucumber": 0,
      "Cucumber_per": null,
      "Peppers": 1045000,
      "Peppers_per": 13.350367294793998,
      "Sweet_potato": 0,
      "Sweet_potato_per": null,
      "Apples": 0,
      "Apples_per": null,
      "Grapes": 0,
      "Grapes_per": null,
      "longitude": 74.4057
    },
    {
      "state": "NEW MEXICO",
      "latitude": 34.5199,
      "Abb": "NM",
      "Chicken": 0,
      "Chicken_per": 0,
      "Turkey": 0,
      "Turkey_per": 0,
      "Beef": 684224000,
      "Beef_per": 1.5051824129322005,
      "Carrots": 0,
      "Carrots_per": null,
      "Lettuces": 0,
      "Lettuces_per": null,
      "Tomatoes": 0,
      "Tomatoes_per": null,
      "Sweet_corn": 0,
      "Sweet_corn_per": null,
      "Cucumber": 0,
      "Cucumber_per": null,
      "Peppers": 0,
      "Peppers_per": null,
      "Sweet_potato": 0,
      "Sweet_potato_per": null,
      "Apples": 0,
      "Apples_per": null,
      "Grapes": 0,
      "Grapes_per": null,
      "longitude": 105.8701
    },
    {
      "state": "NEW YORK",
      "latitude": 40.7128,
      "Abb": "NY",
      "Chicken": 0,
      "Chicken_per": 0,
      "Turkey": 0,
      "Turkey_per": 0,
      "Beef": 256321000,
      "Beef_per": 0.5638648472798302,
      "Carrots": 0,
      "Carrots_per": null,
      "Lettuces": 0,
      "Lettuces_per": null,
      "Tomatoes": 0,
      "Tomatoes_per": null,
      "Sweet_corn": 2875000,
      "Sweet_corn_per": 4.56940327566614,
      "Cucumber": 0,
      "Cucumber_per": null,
      "Peppers": 0,
      "Peppers_per": null,
      "Sweet_potato": 0,
      "Sweet_potato_per": null,
      "Apples": 1385000000,
      "Apples_per": 13.508241490295521,
      "Grapes": 0,
      "Grapes_per": null,
      "longitude": 74.006
    },
    {
      "state": "NORTH CAROLINA",
      "latitude": 35.7596,
      "Abb": "NC",
      "Chicken": 7882700000,
      "Chicken_per": 14.184891067479318,
      "Turkey": 1134000000,
      "Turkey_per": 8.822636988166463,
      "Beef": 287498000,
      "Beef_per": 0.6324492174392914,
      "Carrots": 0,
      "Carrots_per": null,
      "Lettuces": 0,
      "Lettuces_per": null,
      "Tomatoes": 0,
      "Tomatoes_per": null,
      "Sweet_corn": 0,
      "Sweet_corn_per": null,
      "Cucumber": 1326000,
      "Cucumber_per": 12.44416081684748,
      "Peppers": 540500,
      "Peppers_per": 6.905142127115937,
      "Sweet_potato": 16848000,
      "Sweet_potato_per": null,
      "Apples": 0,
      "Apples_per": null,
      "Grapes": 0,
      "Grapes_per": null,
      "longitude": 79.0193
    },
    {
      "state": "NORTH DAKOTA",
      "latitude": 47.5515,
      "Abb": "ND",
      "Chicken": 0,
      "Chicken_per": 0,
      "Turkey": 0,
      "Turkey_per": 0,
      "Beef": 753116000,
      "Beef_per": 1.6567336984640222,
      "Carrots": 0,
      "Carrots_per": null,
      "Lettuces": 0,
      "Lettuces_per": null,
      "Tomatoes": 0,
      "Tomatoes_per": null,
      "Sweet_corn": 0,
      "Sweet_corn_per": null,
      "Cucumber": 0,
      "Cucumber_per": null,
      "Peppers": 0,
      "Peppers_per": null,
      "Sweet_potato": 0,
      "Sweet_potato_per": null,
      "Apples": 0,
      "Apples_per": null,
      "Grapes": 0,
      "Grapes_per": null,
      "longitude": 101.002
    },
    {
      "state": "OHIO",
      "latitude": 40.4173,
      "Abb": "OH",
      "Chicken": 551800000,
      "Chicken_per": 0.992962169185062,
      "Turkey": 271200000,
      "Turkey_per": 2.10996397812235,
      "Beef": 579000000,
      "Beef_per": 1.2737065889061827,
      "Carrots": 0,
      "Carrots_per": null,
      "Lettuces": 0,
      "Lettuces_per": null,
      "Tomatoes": 0,
      "Tomatoes_per": null,
      "Sweet_corn": 0,
      "Sweet_corn_per": null,
      "Cucumber": 0,
      "Cucumber_per": null,
      "Peppers": 0,
      "Peppers_per": null,
      "Sweet_potato": 0,
      "Sweet_potato_per": null,
      "Apples": 0,
      "Apples_per": null,
      "Grapes": 0,
      "Grapes_per": null,
      "longitude": 82.9071
    },
    {
      "state": "OKLAHOMA",
      "latitude": 35.0078,
      "Abb": "OK",
      "Chicken": 1494300000,
      "Chicken_per": 2.6889876212635704,
      "Turkey": 0,
      "Turkey_per": 0,
      "Beef": 2108600000,
      "Beef_per": 4.638579815833467,
      "Carrots": 0,
      "Carrots_per": null,
      "Lettuces": 0,
      "Lettuces_per": null,
      "Tomatoes": 0,
      "Tomatoes_per": null,
      "Sweet_corn": 0,
      "Sweet_corn_per": null,
      "Cucumber": 0,
      "Cucumber_per": null,
      "Peppers": 0,
      "Peppers_per": null,
      "Sweet_potato": 0,
      "Sweet_potato_per": null,
      "Apples": 0,
      "Apples_per": null,
      "Grapes": 0,
      "Grapes_per": null,
      "longitude": 97.0929
    },
    {
      "state": "OREGON",
      "latitude": 43.8041,
      "Abb": "OR",
      "Chicken": 0,
      "Chicken_per": 0,
      "Turkey": 0,
      "Turkey_per": 0,
      "Beef": 559550000,
      "Beef_per": 1.2309197268090755,
      "Carrots": 0,
      "Carrots_per": null,
      "Lettuces": 0,
      "Lettuces_per": null,
      "Tomatoes": 0,
      "Tomatoes_per": null,
      "Sweet_corn": 4883000,
      "Sweet_corn_per": 7.760833459157482,
      "Cucumber": 0,
      "Cucumber_per": null,
      "Peppers": 0,
      "Peppers_per": null,
      "Sweet_potato": 0,
      "Sweet_potato_per": null,
      "Apples": 175000000,
      "Apples_per": 1.7068175168243442,
      "Grapes": 0,
      "Grapes_per": null,
      "longitude": 120.5542
    },
    {
      "state": "PENNSYLVANIA",
      "latitude": 41.2033,
      "Abb": "PA",
      "Chicken": 1260300000,
      "Chicken_per": 2.2679054400578718,
      "Turkey": 190950000,
      "Turkey_per": 1.4856106991978713,
      "Beef": 472701000,
      "Beef_per": 1.039865938311816,
      "Carrots": 0,
      "Carrots_per": null,
      "Lettuces": 0,
      "Lettuces_per": null,
      "Tomatoes": 0,
      "Tomatoes_per": null,
      "Sweet_corn": 0,
      "Sweet_corn_per": null,
      "Cucumber": 0,
      "Cucumber_per": null,
      "Peppers": 0,
      "Peppers_per": null,
      "Sweet_potato": 0,
      "Sweet_potato_per": null,
      "Apples": 417000000,
      "Apples_per": 4.06710231151858,
      "Grapes": 0,
      "Grapes_per": null,
      "longitude": 77.1945
    },
    {
      "state": "RHODE ISLAND",
      "latitude": 41.5801,
      "Abb": "RI",
      "Chicken": 0,
      "Chicken_per": 0,
      "Turkey": 0,
      "Turkey_per": 0,
      "Beef": 610000,
      "Beef_per": 0.001341901587621367,
      "Carrots": 0,
      "Carrots_per": null,
      "Lettuces": 0,
      "Lettuces_per": null,
      "Tomatoes": 0,
      "Tomatoes_per": null,
      "Sweet_corn": 0,
      "Sweet_corn_per": null,
      "Cucumber": 0,
      "Cucumber_per": null,
      "Peppers": 0,
      "Peppers_per": null,
      "Sweet_potato": 0,
      "Sweet_potato_per": null,
      "Apples": 0,
      "Apples_per": null,
      "Grapes": 0,
      "Grapes_per": null,
      "longitude": 71.4774
    },
    {
      "state": "SOUTH CAROLINA",
      "latitude": 33.8361,
      "Abb": "SC",
      "Chicken": 1875000000,
      "Chicken_per": 3.3740559391482265,
      "Turkey": 0,
      "Turkey_per": 0,
      "Beef": 180175000,
      "Beef_per": 0.39635593204865543,
      "Carrots": 0,
      "Carrots_per": null,
      "Lettuces": 0,
      "Lettuces_per": null,
      "Tomatoes": 0,
      "Tomatoes_per": null,
      "Sweet_corn": 0,
      "Sweet_corn_per": null,
      "Cucumber": 0,
      "Cucumber_per": null,
      "Peppers": 0,
      "Peppers_per": null,
      "Sweet_potato": 0,
      "Sweet_potato_per": null,
      "Apples": 0,
      "Apples_per": null,
      "Grapes": 0,
      "Grapes_per": null,
      "longitude": 81.1637
    },
    {
      "state": "SOUTH DAKOTA",
      "latitude": 43.9695,
      "Abb": "SD",
      "Chicken": 0,
      "Chicken_per": 0,
      "Turkey": 205650000,
      "Turkey_per": 1.5999782157111404,
      "Beef": 1669538000,
      "Beef_per": 3.672714250482298,
      "Carrots": 0,
      "Carrots_per": null,
      "Lettuces": 0,
      "Lettuces_per": null,
      "Tomatoes": 0,
      "Tomatoes_per": null,
      "Sweet_corn": 0,
      "Sweet_corn_per": null,
      "Cucumber": 0,
      "Cucumber_per": null,
      "Peppers": 0,
      "Peppers_per": null,
      "Sweet_potato": 0,
      "Sweet_potato_per": null,
      "Apples": 0,
      "Apples_per": null,
      "Grapes": 0,
      "Grapes_per": null,
      "longitude": 99.9018
    },
    {
      "state": "TENNESSEE",
      "latitude": 35.5175,
      "Abb": "TN",
      "Chicken": 1030700000,
      "Chicken_per": 1.854741043456041,
      "Turkey": 0,
      "Turkey_per": 0,
      "Beef": 626253000,
      "Beef_per": 1.3776555654961375,
      "Carrots": 0,
      "Carrots_per": null,
      "Lettuces": 0,
      "Lettuces_per": null,
      "Tomatoes": 0,
      "Tomatoes_per": null,
      "Sweet_corn": 0,
      "Sweet_corn_per": null,
      "Cucumber": 0,
      "Cucumber_per": null,
      "Peppers": 0,
      "Peppers_per": null,
      "Sweet_potato": 0,
      "Sweet_potato_per": null,
      "Apples": 0,
      "Apples_per": null,
      "Grapes": 0,
      "Grapes_per": null,
      "longitude": 86.5804
    },
    {
      "state": "TEXAS",
      "latitude": 31.9686,
      "Abb": "TX",
      "Chicken": 4636500000,
      "Chicken_per": 8.343365526325734,
      "Turkey": 0,
      "Turkey_per": 0,
      "Beef": 6597409000,
      "Beef_per": 14.513235428340158,
      "Carrots": 0,
      "Carrots_per": null,
      "Lettuces": 0,
      "Lettuces_per": null,
      "Tomatoes": 0,
      "Tomatoes_per": null,
      "Sweet_corn": 0,
      "Sweet_corn_per": null,
      "Cucumber": 473100,
      "Cucumber_per": 4.439918915875221,
      "Peppers": 0,
      "Peppers_per": null,
      "Sweet_potato": 0,
      "Sweet_potato_per": null,
      "Apples": 0,
      "Apples_per": null,
      "Grapes": 0,
      "Grapes_per": null,
      "longitude": 99.9018
    },
    {
      "state": "UTAH",
      "latitude": 39.321,
      "Abb": "UT",
      "Chicken": 0,
      "Chicken_per": 0,
      "Turkey": 0,
      "Turkey_per": 0,
      "Beef": 390618000,
      "Beef_per": 0.8592965809073495,
      "Carrots": 0,
      "Carrots_per": null,
      "Lettuces": 0,
      "Lettuces_per": null,
      "Tomatoes": 0,
      "Tomatoes_per": null,
      "Sweet_corn": 0,
      "Sweet_corn_per": null,
      "Cucumber": 0,
      "Cucumber_per": null,
      "Peppers": 0,
      "Peppers_per": null,
      "Sweet_potato": 0,
      "Sweet_potato_per": null,
      "Apples": 0,
      "Apples_per": null,
      "Grapes": 0,
      "Grapes_per": null,
      "longitude": 111.0937
    },
    {
      "state": "VERMONT",
      "latitude": 44.5588,
      "Abb": "VT",
      "Chicken": 0,
      "Chicken_per": 0,
      "Turkey": 0,
      "Turkey_per": 0,
      "Beef": 50212000,
      "Beef_per": 0.1104582992092526,
      "Carrots": 0,
      "Carrots_per": null,
      "Lettuces": 0,
      "Lettuces_per": null,
      "Tomatoes": 0,
      "Tomatoes_per": null,
      "Sweet_corn": 0,
      "Sweet_corn_per": null,
      "Cucumber": 0,
      "Cucumber_per": null,
      "Peppers": 0,
      "Peppers_per": null,
      "Sweet_potato": 0,
      "Sweet_potato_per": null,
      "Apples": 0,
      "Apples_per": null,
      "Grapes": 0,
      "Grapes_per": null,
      "longitude": 72.5778
    },
    {
      "state": "VIRGINIA",
      "latitude": 37.4316,
      "Abb": "VA",
      "Chicken": 1712400000,
      "Chicken_per": 3.081457808105292,
      "Turkey": 446400000,
      "Turkey_per": 3.473038052484576,
      "Beef": 466557000,
      "Beef_per": 1.0263501295342001,
      "Carrots": 0,
      "Carrots_per": null,
      "Lettuces": 0,
      "Lettuces_per": null,
      "Tomatoes": 0,
      "Tomatoes_per": null,
      "Sweet_corn": 0,
      "Sweet_corn_per": null,
      "Cucumber": 0,
      "Cucumber_per": null,
      "Peppers": 0,
      "Peppers_per": null,
      "Sweet_potato": 0,
      "Sweet_potato_per": null,
      "Apples": 163000000,
      "Apples_per": 1.5897786013849606,
      "Grapes": 0,
      "Grapes_per": null,
      "longitude": 78.6569
    },
    {
      "state": "WASHINGTON",
      "latitude": 47.7511,
      "Abb": "WA",
      "Chicken": 0,
      "Chicken_per": 0,
      "Turkey": 0,
      "Turkey_per": 0,
      "Beef": 736745000,
      "Beef_per": 1.6207201396264002,
      "Carrots": 4602000,
      "Carrots_per": 11.300322901447531,
      "Lettuces": 0,
      "Lettuces_per": null,
      "Tomatoes": 0,
      "Tomatoes_per": null,
      "Sweet_corn": 15400000,
      "Sweet_corn_per": 24.476107980959494,
      "Cucumber": 0,
      "Cucumber_per": null,
      "Peppers": 0,
      "Peppers_per": null,
      "Sweet_potato": 0,
      "Sweet_potato_per": null,
      "Apples": 6915000000,
      "Apples_per": 67.4436750219448,
      "Grapes": 325000,
      "Grapes_per": 5.4713804713804715,
      "longitude": 120.7401
    },
    {
      "state": "WEST VIRGINIA",
      "latitude": 38.5976,
      "Abb": "WV",
      "Chicken": 273800000,
      "Chicken_per": 0.49270214194068496,
      "Turkey": 125970000,
      "Turkey_per": 0.9800595955902375,
      "Beef": 135966000,
      "Beef_per": 0.299103264364798,
      "Carrots": 0,
      "Carrots_per": null,
      "Lettuces": 0,
      "Lettuces_per": null,
      "Tomatoes": 0,
      "Tomatoes_per": null,
      "Sweet_corn": 0,
      "Sweet_corn_per": null,
      "Cucumber": 0,
      "Cucumber_per": null,
      "Peppers": 0,
      "Peppers_per": null,
      "Sweet_potato": 0,
      "Sweet_potato_per": null,
      "Apples": 0,
      "Apples_per": null,
      "Grapes": 0,
      "Grapes_per": null,
      "longitude": 80.4549
    },
    {
      "state": "WISCONSIN",
      "latitude": 43.7844,
      "Abb": "WI",
      "Chicken": 225500000,
      "Chicken_per": 0.40578646094822673,
      "Turkey": 0,
      "Turkey_per": 0,
      "Beef": 1402943000,
      "Beef_per": 3.0862482607250548,
      "Carrots": 1820000,
      "Carrots_per": 4.469054254809758,
      "Lettuces": 0,
      "Lettuces_per": null,
      "Tomatoes": 0,
      "Tomatoes_per": null,
      "Sweet_corn": 9992500,
      "Sweet_corn_per": 15.8816564285544,
      "Cucumber": 0,
      "Cucumber_per": null,
      "Peppers": 0,
      "Peppers_per": null,
      "Sweet_potato": 0,
      "Sweet_potato_per": null,
      "Apples": 0,
      "Apples_per": null,
      "Grapes": 0,
      "Grapes_per": null,
      "longitude": 88.7879
    },
    {
      "state": "WYOMING",
      "latitude": 43.076,
      "Abb": "WY",
      "Chicken": 0,
      "Chicken_per": 0,
      "Turkey": 0,
      "Turkey_per": 0,
      "Beef": 571687000,
      "Beef_per": 1.2576191687254041,
      "Carrots": 0,
      "Carrots_per": null,
      "Lettuces": 0,
      "Lettuces_per": null,
      "Tomatoes": 0,
      "Tomatoes_per": null,
      "Sweet_corn": 0,
      "Sweet_corn_per": null,
      "Cucumber": 0,
      "Cucumber_per": null,
      "Peppers": 0,
      "Peppers_per": null,
      "Sweet_potato": 0,
      "Sweet_potato_per": null,
      "Apples": 0,
      "Apples_per": null,
      "Grapes": 0,
      "Grapes_per": null,
      "longitude": 107.2903
    }
  ]